<beans xmlns="http://www.springframework.org/schema/beans" xmlns:xsi="http://www.w3.org/2001/XMLSchema-instance" xmlns:p="http://www.springframework.org/schema/p" xmlns:aop="http://www.springframework.org/schema/aop" xmlns:context="http://www.springframework.org/schema/context" xmlns:jee="http://www.springframework.org/schema/jee" xmlns:tx="http://www.springframework.org/schema/tx" xmlns:task="http://www.springframework.org/schema/task" xsi:schemaLocation="http://www.springframework.org/schema/aop http://www.springframework.org/schema/aop/spring-aop-4.1.xsd http://www.springframework.org/schema/beans http://www.springframework.org/schema/beans/spring-beans-4.1.xsd http://www.springframework.org/schema/context http://www.springframework.org/schema/context/spring-context-4.1.xsd http://www.springframework.org/schema/jee http://www.springframework.org/schema/jee/spring-jee-4.1.xsd http://www.springframework.org/schema/tx http://www.springframework.org/schema/tx/spring-tx-4.1.xsd http://www.springframework.org/schema/task http://www.springframework.org/schema/task/spring-task-4.1.xsd">

<bean id="dataSource" class="org.apache.commons.dbcp.BasicDataSource" destroy-method="close">
    <property name="driverClassName" value="oracle.jdbc.driver.OracleDriver"/>
    <property name="url" value="jdbc:oracle:thin:@${Connection.machine}:${Connection.port}:${Connection.sid}"/>
    <property name="username" value="${Connection.user}"/>
    <property name="password" value="${Connection.password}"/>
    <property name="validationQuery" value="select * from dual"/>
    <property name="testOnReturn" value="true"/>
    <property name="testOnBorrow" value="true"/>
</bean>

<bean id="propertyConfigurer" class="org.springframework.beans.factory.config.PropertyPlaceholderConfigurer" >
    <property name="ignoreResourceNotFound" value="true"/>
    <property name="locations">
    <list>
        <value>file:/klaL/logs/config.prop</value> 
        <value>file:/kla/logs/config.prop</value>
    </list>
    </property>
</bean>

<bean id="jdbcTemplate" class="org.springframework.jdbc.core.JdbcTemplate">
    <property name="dataSource" ref="dataSource"/>
</bean>

<bean id="transactionManager" class="org.springframework.jdbc.datasource.DataSourceTransactionManager">
    <property name="dataSource" ref="dataSource"/>
</bean>

<bean id="transactionTemplate" class="org.springframework.transaction.support.TransactionTemplate">
    <property name="transactionManager" ref="transactionManager"/>
</bean>

<bean id="sqlExecutor" class="com.klatencor.klara.future.dao.SQLExecutor">
    <property name="jdbcTemplate" ref="jdbcTemplate"/>
    <property name="transactionTemplate" ref="transactionTemplate"/>
</bean>

<bean id="serverMetrics" class="com.klatencor.klara.future.server.metrics.ServerMetrics"/>
   
<bean id="jobReporter" class="com.klatencor.klara.future.job.DefaultReporter">
    <constructor-arg ref="serverMetrics"/>
</bean>

<bean id="serverContext" class="com.klatencor.klara.future.server.ServerContext">
    <property name="serverName" value="Xml-based KT9Xe"/>
    <property name="metrics" ref="serverMetrics"/>
    <property name="sqlExecutor" ref="sqlExecutor"/>
    <property name="dataSource" ref="dataSource"/>
    <property name="jdbcTemplate" ref="jdbcTemplate"/>
    <property name="reporter" ref="jobReporter"/>
</bean>

</beans>
